Workbook

Sheet Earnings
A1: PACIFIC ELITE RIDES — Earnings Tracker
A3: Period Start | B3: Period End | C3: Uber ($) | D3: Lyft ($) | E3: Private Rides – Fleet Fare ($) | F3: Private Rides – Fleet Tips ($) | G3: Private Rides – Mine ($) | H3: Total ($) | I3: Fleet Owes Me ($)
A4: 2026-06-22 | B4: 2026-07-06 | C4: 2254 | D4: 307 | E4: 0 | F4: 0 | G4: 150 | H4: =SUM(C4:G4) -> 2711 | I4: =(C4+E4)-750 -> 1504
A5: 2026-07-06 | B5: 2026-07-13 | C5: 663 | D5: 163 | E5: =SUMIFS('Private Rides'!G:G,'Private Rides'!B:B,A5,'Private Rides'!C:C,"Fleet") -> 665 | F5: =SUMIFS('Private Rides'!H:H,'Private Rides'!B:B,A5,'Private Rides'!C:C,"Fleet") -> 350 | G5: =SUMIFS('Private Rides'!I:I,'Private Rides'!B:B,A5,'Private Rides'!C:C,"Mine") -> 0 | H5: =SUM(C5:G5) -> 1841 | I5: =(C5+E5)-750 -> 578
A6: 2026-07-13 | B6: 2026-07-20 | C6: 1754 | D6: 264 | E6: =SUMIFS('Private Rides'!G:G,'Private Rides'!B:B,A6,'Private Rides'!C:C,"Fleet") -> 0 | F6: =SUMIFS('Private Rides'!H:H,'Private Rides'!B:B,A6,'Private Rides'!C:C,"Fleet") -> 0 | G6: =SUMIFS('Private Rides'!I:I,'Private Rides'!B:B,A6,'Private Rides'!C:C,"Mine") -> 260 | H6: =SUM(C6:G6) -> 2278 | I6: =(C6+E6)-750 -> 1004
B7: TOTAL | C7: =SUM(C4:C6) -> 4671 | D7: =SUM(D4:D6) -> 734 | E7: =SUM(E4:E6) -> 665 | F7: =SUM(F4:F6) -> 350 | G7: =SUM(G4:G6) -> 410 | H7: =SUM(H4:H6) -> 6830 | I7: =SUM(I4:I6) -> 3086

Sheet Private Rides
A1: PACIFIC ELITE RIDES — Private Rides Detail
A3: Date | B3: Period Start | C3: Type (Fleet/Mine) | D3: Client | E3: Route | F3: Vehicle | G3: Fare ($) | H3: Tip ($) | I3: Total ($) | J3: Payment | K3: Notes
A4: 2026-07-10 | B4: 2026-07-06 | C4: Fleet | D4: TBD | E4: San Diego → Los Angeles (SoFi Stadium), round trip | F4: TBD | G4: 665 | H4: 350 | I4: =G4+H4 -> 1015 | J4: Tip received directly | K4: Дуже гарний приватний райд
A5: 2026-07-16 | B5: 2026-07-13 | C5: Mine | D5: TBD | E5: Marina Bay → Airport | F5: TBD | G5: 55 | H5: 0 | I5: =G5+H5 -> 55 | J5: TBD
A6: 2026-07-16 | B6: 2026-07-13 | C6: Mine | D6: TBD | E6: Coronado → Airport | F6: TBD | G6: 65 | H6: 0 | I6: =G6+H6 -> 65 | J6: TBD
A7: 2026-07-16 | B7: 2026-07-13 | C7: Mine | D7: TBD | E7: Barrio Logan → Coronado | F7: TBD | G7: 40 | H7: 0 | I7: =G7+H7 -> 40 | J7: TBD
A8: 2026-07-17 | B8: 2026-07-13 | C8: Mine | D8: TBD | E8: Oceanside Bar → Hotel | F8: TBD | G8: 100 | H8: 0 | I8: =G8+H8 -> 100 | J8: TBD
E10: TOTAL | G10: =SUM(G4:G8) -> 925 | H10: =SUM(H4:H8) -> 350 | I10: =SUM(I4:I8) -> 1275
A12: How to use: add one row per private ride directly above the TOTAL row so totals auto-extend. Type must be exactly "Fleet" or "Mine" — it drives the Fleet/Mine split on the Earnings tab. Tips are assumed to always come directly to Andrii (even on Fleet rides) and are excluded from the Fleet Owes Me settlement — only the Fare portion of Fleet rides counts toward that. Fill Date, Period Start (must match a Period Start on the Earnings tab), Client, Route, Vehicle, Fare, Tip, Payment, Notes.
